index,batch_size,lr,max_epochs,module__dropout,optimizer,test_accuracy,test_f1,test_precision,test_recall,time_min,fold_id
0,16,0.001,5,0.0,adam,0.919,0.923,0.875,0.977,23.1,0
1,16,0.001,5,0.0,adam,0.943,0.944,0.935,0.952,40.5,0
2,16,0.001,5,0.0,adam,0.922,0.927,0.874,0.986,70.6,0
3,16,0.001,5,0.0,adam,0.943,0.942,0.951,0.934,47.3,0
4,16,0.001,5,0.0,adam,0.943,0.943,0.933,0.954,36.9,0
5,16,0.001,5,0.0,sgd,0.834,0.835,0.827,0.844,36.6,1
6,16,0.001,5,0.0,sgd,0.792,0.803,0.762,0.849,26.1,1
7,16,0.001,5,0.0,sgd,0.819,0.828,0.786,0.875,52.0,1
8,16,0.001,5,0.0,sgd,0.791,0.801,0.762,0.845,45.5,1
9,16,0.001,5,0.0,sgd,0.817,0.829,0.776,0.888,22.4,1
10,16,0.001,5,0.2,adam,0.957,0.957,0.972,0.941,26.9,2
11,16,0.001,5,0.2,adam,0.92,0.916,0.968,0.869,67.6,2
12,16,0.001,5,0.2,adam,0.921,0.926,0.87,0.99,25.2,2
13,16,0.001,5,0.2,adam,0.933,0.933,0.932,0.934,14.8,2
14,16,0.001,5,0.2,adam,0.933,0.935,0.9,0.974,26.2,2
15,16,0.001,5,0.2,sgd,0.788,0.79,0.779,0.801,22.0,3
16,16,0.001,5,0.2,sgd,0.832,0.837,0.808,0.869,9.5,3
17,16,0.001,5,0.2,sgd,0.739,0.753,0.713,0.798,10.8,3
18,16,0.001,5,0.2,sgd,0.798,0.806,0.773,0.842,15.7,3
19,16,0.001,5,0.2,sgd,0.713,0.756,0.656,0.892,36.8,3
20,16,0.001,15,0.0,adam,0.959,0.958,0.965,0.952,140.7,4
21,16,0.001,15,0.0,adam,0.944,0.943,0.956,0.931,92.3,4
22,16,0.001,15,0.0,adam,0.942,0.944,0.915,0.975,102.2,4
23,16,0.001,15,0.0,adam,0.95,0.949,0.952,0.947,33.1,4
24,16,0.001,15,0.0,adam,0.946,0.946,0.936,0.956,33.1,4
25,16,0.001,15,0.0,sgd,0.854,0.836,0.952,0.745,23.0,5
26,16,0.001,15,0.0,sgd,0.877,0.87,0.923,0.823,23.3,5
27,16,0.001,15,0.0,sgd,0.878,0.868,0.936,0.81,22.7,5
28,16,0.001,15,0.0,sgd,0.854,0.839,0.932,0.763,20.3,5
29,16,0.001,15,0.0,sgd,0.878,0.884,0.839,0.934,19.0,5
30,16,0.001,15,0.2,adam,0.941,0.941,0.932,0.95,28.2,6
31,16,0.001,15,0.2,adam,0.935,0.935,0.932,0.937,85.5,6
32,16,0.001,15,0.2,adam,0.954,0.954,0.949,0.96,33.6,6
33,16,0.001,15,0.2,adam,0.947,0.948,0.935,0.961,125.3,6
34,16,0.001,15,0.2,adam,0.918,0.919,0.905,0.934,51.5,6
35,16,0.001,15,0.2,sgd,0.866,0.86,0.899,0.824,33.1,7
36,16,0.001,15,0.2,sgd,0.88,0.881,0.87,0.891,23.1,7
37,16,0.001,15,0.2,sgd,0.889,0.885,0.912,0.86,22.9,7
38,16,0.001,15,0.2,sgd,0.853,0.84,0.917,0.775,76.7,7
39,16,0.001,15,0.2,sgd,0.873,0.876,0.851,0.902,55.6,7
40,16,0.01,5,0.0,adam,0.502,0.0,0.0,0.0,155.8,8
41,16,0.01,5,0.0,adam,0.502,0.0,0.0,0.0,71.4,8
42,16,0.01,5,0.0,adam,0.502,0.0,0.0,0.0,33.1,8
43,16,0.01,5,0.0,adam,0.502,0.0,0.0,0.0,30.7,8
44,16,0.01,5,0.0,adam,0.498,0.665,0.498,1.0,11.8,8
45,16,0.01,5,0.0,sgd,0.88,0.872,0.932,0.82,23.9,9
46,16,0.01,5,0.0,sgd,0.887,0.888,0.876,0.901,6.9,9
47,16,0.01,5,0.0,sgd,0.895,0.892,0.916,0.869,7.2,9
48,16,0.01,5,0.0,sgd,0.872,0.867,0.9,0.836,7.9,9
49,16,0.01,5,0.0,sgd,0.875,0.877,0.857,0.899,8.1,9
50,16,0.01,5,0.2,adam,0.502,0.0,0.0,0.0,13.6,10
51,16,0.01,5,0.2,adam,0.502,0.0,0.0,0.0,57.8,10
52,16,0.01,5,0.2,adam,0.502,0.0,0.0,0.0,57.4,10
53,16,0.01,5,0.2,adam,0.502,0.0,0.0,0.0,61.9,10
54,16,0.01,5,0.2,adam,0.498,0.665,0.498,1.0,29.1,10
55,16,0.01,5,0.2,sgd,0.884,0.881,0.899,0.863,282.6,11
56,16,0.01,5,0.2,sgd,0.669,0.515,0.957,0.352,379.8,11
57,16,0.01,5,0.2,sgd,0.898,0.896,0.911,0.882,36.3,11
58,16,0.01,5,0.2,sgd,0.876,0.875,0.881,0.869,48.7,11
59,16,0.01,5,0.2,sgd,0.879,0.883,0.852,0.916,6.6,11
60,16,0.01,15,0.0,sgd,0.954,0.953,0.954,0.953,24.5,12
61,16,0.01,15,0.0,sgd,0.928,0.927,0.934,0.921,24.1,12
62,16,0.01,15,0.0,sgd,0.942,0.943,0.93,0.956,25.3,12
63,16,0.01,15,0.0,sgd,0.955,0.954,0.962,0.947,25.1,12
64,16,0.01,15,0.0,sgd,0.942,0.943,0.92,0.967,28.2,12
65,16,0.01,15,0.2,sgd,0.954,0.954,0.944,0.965,28.3,13
66,16,0.01,15,0.2,sgd,0.958,0.958,0.952,0.965,26.7,13
67,16,0.01,15,0.2,sgd,0.963,0.963,0.952,0.975,26.6,13
68,16,0.01,15,0.2,sgd,0.961,0.961,0.961,0.962,28.8,13
69,16,0.01,15,0.2,sgd,0.957,0.957,0.951,0.963,28.9,13
70,32,0.01,5,0.0,adam,0.502,0.0,0.0,0.0,53.4,14
71,32,0.01,5,0.0,adam,0.502,0.0,0.0,0.0,53.4,14
72,32,0.01,5,0.0,adam,0.502,0.0,0.0,0.0,53.4,14
73,32,0.01,5,0.0,adam,0.502,0.0,0.0,0.0,53.4,14
74,32,0.01,5,0.0,adam,0.502,0.667,0.5,0.999,76.2,14
75,32,0.01,5,0.0,sgd,0.877,0.881,0.848,0.917,67.2,15
76,32,0.01,5,0.0,sgd,0.879,0.884,0.85,0.92,67.1,15
77,32,0.01,5,0.0,sgd,0.881,0.886,0.85,0.925,67.1,15
78,32,0.01,5,0.0,sgd,0.875,0.879,0.848,0.913,25.5,15
79,32,0.01,5,0.0,sgd,0.861,0.861,0.854,0.869,18.5,15
80,32,0.01,5,0.2,adam,0.502,0.0,0.0,0.0,23.9,16
81,32,0.01,5,0.2,adam,0.502,0.0,0.0,0.0,26.5,16
82,32,0.01,5,0.2,adam,0.502,0.0,0.0,0.0,55.6,16
83,32,0.01,5,0.2,adam,0.502,0.0,0.0,0.0,55.6,16
84,32,0.01,5,0.2,adam,0.498,0.665,0.498,1.0,53.9,16
85,32,0.01,5,0.2,sgd,0.862,0.866,0.84,0.893,49.0,17
86,32,0.01,5,0.2,sgd,0.866,0.872,0.834,0.913,40.9,17
87,32,0.01,5,0.2,sgd,0.862,0.87,0.823,0.922,40.8,17
88,32,0.01,5,0.2,sgd,0.86,0.866,0.825,0.912,39.5,17
89,32,0.01,5,0.2,sgd,0.869,0.872,0.846,0.9,39.4,17
90,32,0.01,15,0.0,adam,0.502,0.0,0.0,0.0,198.1,18
91,32,0.01,15,0.0,adam,0.862,0.87,0.819,0.929,198.0,18
92,32,0.01,15,0.0,adam,0.502,0.0,0.0,0.0,198.3,18
93,32,0.01,15,0.0,adam,0.502,0.0,0.0,0.0,198.1,18
94,32,0.01,15,0.0,adam,0.498,0.665,0.498,1.0,91.2,18
95,32,0.01,15,0.0,sgd,0.91,0.909,0.913,0.906,84.5,19
96,32,0.01,15,0.0,sgd,0.912,0.911,0.914,0.908,84.0,19
97,32,0.01,15,0.0,sgd,0.924,0.924,0.921,0.928,83.9,19
98,32,0.01,15,0.0,sgd,0.907,0.908,0.89,0.928,31.4,19
99,32,0.01,15,0.0,sgd,0.897,0.898,0.889,0.908,31.8,19
100,32,0.01,15,0.2,adam,0.502,0.0,0.0,0.0,71.4,20
101,32,0.01,15,0.2,adam,0.502,0.0,0.0,0.0,72.2,20
102,32,0.01,15,0.2,adam,0.502,0.0,0.0,0.0,75.4,20
103,32,0.01,15,0.2,adam,0.502,0.0,0.0,0.0,75.8,20
104,32,0.01,15,0.2,adam,0.498,0.665,0.498,1.0,44.6,20
105,32,0.01,15,0.2,sgd,0.931,0.931,0.926,0.936,36.8,21
106,32,0.01,15,0.2,sgd,0.926,0.926,0.923,0.93,38.0,21
107,32,0.01,15,0.2,sgd,0.929,0.93,0.911,0.95,37.4,21
108,32,0.01,15,0.2,sgd,0.935,0.935,0.93,0.939,35.2,21
109,32,0.01,15,0.2,sgd,0.895,0.895,0.892,0.899,34.4,21
110,32,0.001,5,0.0,sgd,0.701,0.686,0.718,0.657,14.5,22
111,32,0.001,5,0.0,sgd,0.751,0.77,0.714,0.835,14.5,22
112,32,0.001,5,0.0,sgd,0.692,0.75,0.63,0.928,14.5,22
113,32,0.001,5,0.0,sgd,0.748,0.775,0.699,0.87,14.5,22
114,32,0.001,5,0.0,sgd,0.744,0.765,0.706,0.835,10.4,22
115,32,0.001,5,0.2,sgd,0.757,0.77,0.729,0.817,10.5,23
116,32,0.001,5,0.2,sgd,0.624,0.697,0.583,0.866,10.5,23
117,32,0.001,5,0.2,sgd,0.542,0.684,0.521,0.996,10.5,23
118,32,0.001,5,0.2,sgd,0.727,0.764,0.671,0.886,10.3,23
119,32,0.001,5,0.2,sgd,0.656,0.702,0.618,0.811,10.1,23
120,32,0.001,15,0.0,sgd,0.84,0.849,0.802,0.902,29.3,24
121,32,0.001,15,0.0,sgd,0.86,0.866,0.83,0.906,29.3,24
122,32,0.001,15,0.0,sgd,0.858,0.867,0.817,0.923,29.8,24
123,32,0.001,15,0.0,sgd,0.823,0.834,0.781,0.896,29.8,24
124,32,0.001,15,0.0,sgd,0.857,0.864,0.822,0.91,33.0,24
125,32,0.001,15,0.2,sgd,0.825,0.837,0.783,0.899,33.0,25
126,32,0.001,15,0.2,sgd,0.856,0.863,0.823,0.906,48.4,25
127,32,0.001,15,0.2,sgd,0.846,0.857,0.795,0.93,48.4,25
128,32,0.001,15,0.2,sgd,0.794,0.803,0.768,0.841,48.8,25
129,32,0.001,15,0.2,sgd,0.832,0.836,0.817,0.855,48.7,25